-- phpMyAdmin SQL Dump
-- version 5.1.1
-- https://www.phpmyadmin.net/
--
-- Host: 127.0.0.1:3306
-- Creato il: Mag 22, 2024 alle 17:15
-- Versione del server: 5.7.36
-- Versione PHP: 7.4.26

SET SQL_MODE = "NO_AUTO_VALUE_ON_ZERO";
START TRANSACTION;
SET time_zone = "+00:00";


/*!40101 SET @OLD_CHARACTER_SET_CLIENT=@@CHARACTER_SET_CLIENT */;
/*!40101 SET @OLD_CHARACTER_SET_RESULTS=@@CHARACTER_SET_RESULTS */;
/*!40101 SET @OLD_COLLATION_CONNECTION=@@COLLATION_CONNECTION */;
/*!40101 SET NAMES utf8mb4 */;

--
-- Database: `zoo_arcadia`
--

-- --------------------------------------------------------

--
-- Struttura della tabella `avis`
--

DROP TABLE IF EXISTS `avis`;
CREATE TABLE IF NOT EXISTS `avis` (
  `id_avis` int(11) NOT NULL AUTO_INCREMENT,
  `id_animal` varchar(30) NOT NULL,
  `visiteur_nickname` varchar(30) NOT NULL,
  `avis_commentaire` varchar(1500) NOT NULL,
  PRIMARY KEY (`id_avis`)
) ENGINE=MyISAM AUTO_INCREMENT=18 DEFAULT CHARSET=latin1;

--
-- Dump dei dati per la tabella `avis`
--

INSERT INTO `avis` (`id_avis`, `id_animal`, `visiteur_nickname`, `avis_commentaire`) VALUES
(1, '1', 'marko papache', 'bonjour j\' ai trouvè le zoo propre,le guepard semble en bonne santé.'),
(2, '1', 'pippo', 'ciao'),
(3, '1', 'pippo', 'ciao'),
(4, '4', 'hercules', 'judbkugsogisbougdbousbuobodubclob'),
(5, '4', 'hercules', 'judbkugsogisbougdbousbuobodubclob'),
(6, '5', 'htdana', '<sbr<bbNAENBAE'),
(7, '4', 'ATENETNAN', 'TNANAENENMTN'),
(8, '1', 'aaaaa', 'ttttttttttttttt'),
(9, '1', 'bbb', 'bbbb'),
(10, '2', 'hhh', 'hhh'),
(11, '8', 'fuffolo', 'povero fuffolo'),
(12, '8', 'a', 'a'),
(13, '8', 'aaa', 'aaaa'),
(14, '2', 'xxx', 'xxx'),
(15, '3', 'rino', 'ceronte'),
(16, '7', 'sir', 'prente'),
(17, '16', 'trump', 'hi donald');

-- --------------------------------------------------------

--
-- Struttura della tabella `employé_zoo`
--

DROP TABLE IF EXISTS `employé_zoo`;
CREATE TABLE IF NOT EXISTS `employé_zoo` (
  `id_employé` int(11) NOT NULL AUTO_INCREMENT,
  `nom_employé` varchar(30) NOT NULL,
  `role-emplpoyé` varchar(30) NOT NULL,
  `description_employé` varchar(2000) NOT NULL,
  `photo_employé` varchar(2000) NOT NULL,
  PRIMARY KEY (`id_employé`)
) ENGINE=MyISAM DEFAULT CHARSET=latin1;

-- --------------------------------------------------------

--
-- Struttura della tabella `reportzoo`
--

DROP TABLE IF EXISTS `reportzoo`;
CREATE TABLE IF NOT EXISTS `reportzoo` (
  `id_report` int(11) NOT NULL AUTO_INCREMENT,
  `id_animaux` int(30) NOT NULL,
  `etat_animal` varchar(30) NOT NULL,
  `nouriture_animal` varchar(30) NOT NULL,
  `date_du_passage` timestamp NOT NULL DEFAULT CURRENT_TIMESTAMP,
  `quantité_nourriture` varchar(30) NOT NULL,
  `details` varchar(100) NOT NULL,
  PRIMARY KEY (`id_report`,`id_animaux`),
  KEY `fk_id_animaux` (`id_animaux`)
) ENGINE=MyISAM AUTO_INCREMENT=3 DEFAULT CHARSET=latin1;

-- --------------------------------------------------------

--
-- Struttura della tabella `service_zoo`
--

DROP TABLE IF EXISTS `service_zoo`;
CREATE TABLE IF NOT EXISTS `service_zoo` (
  `id_service` int(11) NOT NULL AUTO_INCREMENT,
  `nom_service` varchar(30) NOT NULL,
  `description_service` varchar(3000) NOT NULL,
  `images_services` varchar(1000) NOT NULL,
  `horaires_services` varchar(2000) NOT NULL,
  PRIMARY KEY (`id_service`)
) ENGINE=MyISAM AUTO_INCREMENT=4 DEFAULT CHARSET=latin1;

--
-- Dump dei dati per la tabella `service_zoo`
--

INSERT INTO `service_zoo` (`id_service`, `nom_service`, `description_service`, `images_services`, `horaires_services`) VALUES
(1, 'Les Maitres des Airs', '\r\n          \r\nC’est durant l’hiver 2011 que l’équipe du Parc Arcadia des Alpes a transformé l’ancien espace des macaques (magots) en une aire de spectacle pour les oiseaux.\r\n\r\nL’objectif de ce spectacle unique est de présenter des rapaces mais aussi des oiseaux rares, peu connus et rarement visibles dans les spectacles. Bien sûr cette représentation se veut pédagogique, elle est donc animée par l’un de nos fauconniers qui vous présentera naturellement le comportement de nos oiseaux, leurs techniques de chasse, de vols ou encore leur alimentation.\r\n\r\nAujourd’hui, c’est plus de 4 espèces d’oiseaux qui évoluent autour de vous lors de ce spectacle. Un véritable festival de couleurs avec un final époustouflant, de quoi vous laisser des souvenir inoubliables.\r\n\r\n\r\n\r\n\r\n\r\n\r\n\r\n\r\n\r\n\r\n\r\n\r\n\r\n\r\n\r\n\r\n\r\n\r\n\r\n\r\n\r\n\r\n', 'https://cdn-images.zoobeauval.com/P40JeDUVgpQxkExeaFr3fNhCu0Q=/1400x831/https%3A%2F%2Fs3.eu-west-3.amazonaws.com%2Fimages.zoobeauval.com%2F2020%2F05%2F01-maitresdesairs-header-5ed0d74c93d85.jpg', 'TOUS LES JOURS\r\n\r\n(selon conditions météo et selon affluence)\r\n\r\nDu 30/03 au  05/07/2024 :  à 16h15\r\n\r\nDu 06/07 au 01/09/2024 : à 14h25 et 16h15\r\n\r\nDu 02/09 au 06/10/2024 : à 15h\r\n\r\n\r\n35 minutes\r\n\r\n\r\n\r\n\r\n\r\n\r\n\r\n'),
(3, 'Les Activités ludiques ', 'Vos enfants ont envie de devenir de véritables spécialistes de la biodiversité ? Des livrets de jeux adaptés à tous les âges sont disponibles à la Maison Beauval Nature et dans nos boutiques.\r\n\r\nLe prix d’un carnet est intégralement reversé à l’association Beauval Nature. Une façon ludique de soutenir l’association ! Une fois leur carnet complété, les enfants pourront recevoir des récompenses !\r\n\r\nVenez en apprendre plus sur le rôle de l’association Beauval Nature et découvrir les programmes de conservation qu’elle soutient.', 'https://cdn-images.zoobeauval.com/e09t5n00gf8c25SMJh61DJeW_IY=/800x600/https%3A%2F%2Fs3.eu-west-3.amazonaws.com%2Fimages.zoobeauval.com%2F2024%2F03%2Factivites-maison-bn-02-65faa81fcee9c.jpg', '');

-- --------------------------------------------------------

--
-- Struttura della tabella `tous_les_animaux`
--

DROP TABLE IF EXISTS `tous_les_animaux`;
CREATE TABLE IF NOT EXISTS `tous_les_animaux` (
  `id_animal` int(11) NOT NULL AUTO_INCREMENT,
  `nom_animal` varchar(30) NOT NULL,
  `race_animal` varchar(30) NOT NULL,
  `images_animal` varchar(500) NOT NULL,
  `video_animal` varchar(500) NOT NULL,
  `description_animal` varchar(3000) NOT NULL,
  `id_habitat` int(10) UNSIGNED DEFAULT NULL,
  `moyenne_age` varchar(30) NOT NULL,
  `poids_moyen` varchar(30) NOT NULL,
  `video_galleries` varchar(2000) NOT NULL,
  `etat_animal` varchar(500) NOT NULL,
  `nourriture_animal` varchar(500) NOT NULL,
  `quantité_nourriture` varchar(500) NOT NULL,
  PRIMARY KEY (`id_animal`),
  KEY `fk_id_habitat` (`id_habitat`)
) ENGINE=MyISAM AUTO_INCREMENT=25 DEFAULT CHARSET=latin1;

--
-- Dump dei dati per la tabella `tous_les_animaux`
--

INSERT INTO `tous_les_animaux` (`id_animal`, `nom_animal`, `race_animal`, `images_animal`, `video_animal`, `description_animal`, `id_habitat`, `moyenne_age`, `poids_moyen`, `video_galleries`, `etat_animal`, `nourriture_animal`, `quantité_nourriture`) VALUES
(1, 'Eclair', ' le Guepard', 'https://th.bing.com/th/id/OIP.ZlMDsv3kDQIRsq7kliKwzgHaD5?w=328&h=180&c=7&r=0&o=5&pid=1.7', '', 'Description physique\r\nGrand mammifère carnassier de la famille des félins, le guépard est un animal qui présente une fourrure de couleur jaune tachetée de noir. Ses pattes avant sont moins longues que ses pattes arrière. Il a une petite tête, un cou allongé, des petites oreilles rondes et est caractérisé par une raie noire qui commence au coin de l’œil et finit sur le bord de la bouche.\r\n\r\nContrairement aux autres félins, ses griffes ne se rétractent pas. Elles accrochent le sol quand il court mais elles ne lui permettent pas de bien grimper aux arbres parce qu’elles s\'usent vite. Le guépard a une colonne vertébrale qui est très flexible : elle se détend ou s\'arrondit pour lui permettre de faire des bonds de 6 à 8 mètres.\r\n\r\nSon lieu de vie\r\nOn retrouve le guépard en Afrique, dans les savanes d’Éthiopie, de Somalie, du nord de l’Afrique du Sud, ainsi que du sud du Sahara. Il est également présent au Moyen-Orient (Inde, Iran notamment), mais dans une moindre mesure.\r\n\r\nSon alimentation\r\nLe guépard est carnivore. Il se nourrit entre autres de lièvres, de zèbres, de gnous et surtout de gazelles. Il mange près de 3 kg de viande fraîche par jour. S’il ne se trouve pas une source d\'eau à proximité, il peut rester 10 jours sans boire.\r\n\r\nSa reproduction\r\nVers l’âge de 15 mois, le guépard peut commencer à se reproduire. La période de reproduction dure toute l’année tandis que la gestation dure environ 3 mois. Les femelles peuvent mettre bas jusqu\'à 8 jeunes, mais la moyenne se situe entre 3 et 5 petits. A la naissance, les petits guépards pèsent entre 150 et 300 g et mesurent environ 30 cm. Ils sont aveugles jusqu’à l’âge de 10 jours. Les petits sont sevrés entre 3 et 6 mois, mais restent avec leur mère jusqu’à 20 mois, pour apprendre à chasser.\r\n\r\nSon espérance de vie\r\nL’espérance de vie du guépard est d’environ 13 ans lorsqu’il vit en liberté. Il peut cependant vivre jusqu’à l’âge de 21 ans s’il est en captivité.\r\n\r\nLe cri du guépard\r\nLe guépard feule. Son cri peut faire penser à un miaulement ou à un cri d’oiseau.\r\n\r\nSignes particuliers\r\nLe guépard est l\'animal terrestre le plus rapide, avec une vitesse de course pouvant atteindre 115 km/h. Cependant, il est incapable de maintenir cette vitesse sur plus de 400 mètres.', 1, '17 à 21 ans', '80kg', '<iframe width=\"560\" height=\"315\" src=\"https://www.youtube.com/embed/LSHezdMSw-0?si=fiu6l3-XH0qAbysz\" title=\"YouTube video player\" frameborder=\"0\" allow=\"accelerometer; autoplay; clipboard-write; encrypted-media; gyroscope; picture-in-picture; web-share\" referrerpolicy=\"strict-origin-when-cross-origin\" allowfullscreen></iframe>', 'Bonne santé', 'Carnivore', '6 kg /jours'),
(2, 'Furbo', 'la Hyéne', 'https://th.bing.com/th/id/R.2341485cff06f4f4bb775a96f566a157?rik=1lMVuKw1rhJmAA&riu=http%3a%2f%2fwww.pbs.org%2fwnet%2fnature%2ffiles%2f2014%2f10%2fHyena-Main.jpg&ehk=PA3AnnnnJR9hUsV%2br4wJX6%2bdEqu%2btS1bJV2%2fLJhGSiI%3d&risl=&pid=ImgRaw&r=0', '', 'Description physique\r\nLes hyènes forme la famille des Hyénidés, regroupant 4 principales espèces : l’hyène tachetée, l’hyène rayée, l’hyène brune et le protèle. L’hyène tachetée, la plus connue, ressemble un peu à un gros chien, avec de petites oreilles, de longues pattes, et une courte queue, formant une touffe. Son pelage est brun-marron, tacheté de noir. Sa longueur varie entre 95 et 165 cm, pour un poids compris entre 15 et 85 kg. Son arrière-train est plus bas que l’avant de son corps, ce qui donne l’impression qu’elle boite.\r\n\r\nLes autres espèces d’hyène sont plus petites, avec des oreilles plus grandes. L’hyène rayée a un pelage gris avec des bandes noires, l’hyène brune a un pelage brun foncé, et le protèle est roux.\r\n\r\nSon lieu de vie\r\nLes hyènes sont présentes uniquement en Afrique, dans la région au sud du Sahara, et en Asie occidentale et centrale. Elles vivent dans la savane et près des points d’eau. Elles sont souvent organisées en groupes de quelques dizaines d’individus. Dans le cas des hyènes tachetées, les groupes sont dominés par une femelle.\r\n\r\nSon alimentation\r\nL’hyène tachetée est essentiellement carnivore. Elle se procure sa nourriture principalement en chassant, et dans une moindre mesure, en récupérant les corps d’animaux morts. Ses principales proies sont les antilopes, les buffles, les gnous, les impalas, les phacochères et les zèbres.\r\n\r\nL’hyène rayée et l’hyène brune consomment de plus petites proies, ainsi que des fruits, des insectes et des reptiles. Seul le protèle sort du cadre de ce régime alimentaire car il ne se nourrit que de termites.\r\n\r\nSa reproduction\r\nLes hyènes atteignent la maturité sexuelle vers 2 ans chez le mâle et 3 ans chez la femelle. La gestation dure 3 à 4 mois, et la femelle donne naissance à 1 à 6 petits, selon les espèces. Elle met bas dans des terriers qu’elle a elle-même aménagé ou que d’autres animaux ont abandonnés. Les petits sont sevrés vers 4 mois chez l’hyène rayée, beaucoup plus tard (entre 12 et 18 mois) chez l’hyène tachetée.\r\n\r\nSon espérance de vie\r\nL’hyène (on dit aussi la hyène) a une longévité d’une vingtaine d’année dans la nature, et de plus de 40 ans en captivité.\r\n\r\nLe cri de l’hyène\r\nLes hyènes émettent une grande variété de cris pour communiquer entre elles. Le cri caractéristique de l’hyène tachetée est semblable à un ricanement désagréable, qui peut être entendu jusqu’à 5 km à la ronde. Elle s’exprime ainsi quand elle chasse ou en situation d’attaque/défense.\r\n\r\nSignes particuliers\r\nL’hyène tachetée possède des mâchoires particulièrement puissantes, pouvant infliger une morsure 2 fois plus puissante que celle du lion. Elle est en effet capable de broyer suffisamment les os des animaux jusqu’à les avaler. C’est d’ailleurs le seul animal pouvant mâcher les os de l’éléphant et de la girafe.', 1, '30 à 40 ans', '85kg', '<iframe width=\"560\" height=\"315\" src=\"https://www.youtube.com/embed/YQlq_lwHPwk?si=cwT832XW0V1x1y1D\" title=\"YouTube video player\" frameborder=\"0\" allow=\"accelerometer; autoplay; clipboard-write; encrypted-media; gyroscope; picture-in-picture; web-share\" referrerpolicy=\"strict-origin-when-cross-origin\" allowfullscreen></iframe>', 'Bonne santé', 'carnivore', ' 10 kg/jours'),
(3, 'Zangief', ' le Rhinoceros', 'https://th.bing.com/th/id/R.78e0be9b1f8409d7b30e089c0a2e793f?rik=aQVKFBKQuRdSJA&riu=http%3a%2f%2fupload.wikimedia.org%2fwikipedia%2fcommons%2fe%2fe7%2fAfrican_rhinoceros_animal.jpg&ehk=qaqTSBZv3BiVeGQ9eI1gDdJ5i3td0DuXwMU2Qr3wu0U%3d&risl=&pid=ImgRaw&r=0', '', 'Description physique\r\nLe rhinocéros est un mammifère herbivore de la famille des Rhinocérotidés. L’animal mesure autour de 4 mètres de long et 2 mètres de haut. Son poids peut atteindre les 3 tonnes. Selon l’origine du mot, le rhinocéros est un animal ayant des cornes se trouvant sur son nez. Le grand mammifère possède en effet, au bout du museau, une ou deux cornes selon l’espèce.\r\n\r\nPar ailleurs, le rhinocéros dispose de jambes courtes mais énormes. Son pied est muni de trois doigts qui se terminent par un onglon. L’animal est doté d’une force incroyable en raison de son importante masse musculaire : il peut courir jusqu\'à 50 km/h. Il possède une épaisse peau de couleur grise ou brune.\r\n\r\nSon lieu de vie\r\nLe rhinocéros est présent dans une grande partie du monde, à savoir : en Afrique, à Sumatra, à Bornéo, en Inde, au Vietnam, au Népal ainsi qu’à Java. Son milieu naturel est surtout la savane. C’est un animal généralement solitaire.\r\nIl existe différents types de rhinocéros selon leur localisation.\r\n\r\nSon alimentation\r\nLe rhinocéros, en tant qu’herbivore, est un animal se nourrissant de feuilles, d’herbes ainsi que de plantes et de fruits.\r\n\r\nSa reproduction\r\nPeu importe le sexe, les rhinocéros sont polygames et polyandres, c\'est à dire qu\'ils peuvent vivre avec plusieurs partenaires. Pour pouvoir s’accoupler, les mâles peuvent aller jusqu’à se battre. Ensuite, avant de procéder à l’accouplement proprement dit, les partenaires se pourchassent et réitèrent un combat.\r\nPour pouvoir mettre bas un petit rhinocéros, la femelle entreprend une période de gestation de 15 à 18 mois. Le petit et la mère sont inséparables durant deux ans, voire plus.\r\n\r\nSon espérance de vie\r\nLe rhinocéros peut vivre de 35 à 50 ans selon son espèce.\r\n\r\nSon cri\r\nComme l’éléphant, le rhinocéros émet un barrissement : on dit qu\'il barrit ou qu\'il barète. L’animal peut aussi grogner ou renifler.\r\n\r\nSignes particuliers\r\nC\'est le plus gros mammifère terrestre actuel, après l\'éléphant. Il ne voit pas très bien mais il a une ouïe et un odorat très développé. Les rhinocéros dorment le jour et sont actifs la nuit.\r\n\r\nStatut de préservation\r\nSi le rhinocéros blanc n\'est pas menacé, le rhinocéros noir est en danger d’extinction. Quant au rhinocéros unicorne de l\'Inde, il est considéré comme \"Vulnérable\". Les rhinos sont actuellement en phase de réintroduction dans différentes parties du monde.', 1, '40 à 50 ans', '2 a 3 tonnes', '<iframe width=\"560\" height=\"315\" src=\"https://www.youtube.com/embed/Qc7b28YJHJM?si=UeF6YRrvPTqjvfDg\" title=\"YouTube video player\" frameborder=\"0\" allow=\"accelerometer; autoplay; clipboard-write; encrypted-media; gyroscope; picture-in-picture; web-share\" referrerpolicy=\"strict-origin-when-cross-origin\" allowfullscreen></iframe>', 'pleine Forme', 'Hérbivore', '25kg /jours'),
(4, 'Tache', ' le Zébre', 'https://th.bing.com/th/id/R.8eb8f553420dc9fd1d79647681a31447?rik=8hNiFbRbcBP8GA&riu=http%3a%2f%2flepassetempsderose.l.e.pic.centerblog.net%2fo%2fc2a82737.jpg&ehk=uANltMKokP7h8OYPUIME%2b8xzaFG5C7mILcMAkq92pzg%3d&risl=&pid=ImgRaw&r=0', '', 'HABITAT & RÉPARTITION\r\nPlaines, zones semi arides et savanes de l\'Afrique subsaharienne.\r\n\r\nPOIDS & TAILLE\r\nZèbre de Grévy (le plus grand) : 2,50 à 3 m de long pour une hauteur au garrot de 1,45 à 1,90 m et un poids de 350 à 450 kg.\r\n\r\nREPRODUCTION\r\nLes étalons dominants défendent des territoires sur lesquels se rendent les femelles pour s\'accoupler. Après une gestation d\'environ 400 jours, la femelle donne naissance à un unique petit.\r\n\r\nLONGÉVITÉ\r\n20 à 30 ans.\r\n\r\nRÉGIME ALIMENTAIRE\r\nHerbivore.\r\n\r\nSTATUT SAUVEGARDE\r\nStatut de sauvegarde à l\'état sauvage : En Danger\r\n\r\nLe zèbre de Grévy est le plus menacé et considéré comme en \'en danger\'. Il vit en Ethiopie et au Kenya et sa population sauvage actuelle serait d\'environ 2.000 individus. Toutes les espèces de zèbres souffrent de la chasse et de la perte de leur habitat.', 1, '20 à 30 ans', '350 kg a 450 kg', '<iframe width=\"560\" height=\"315\" src=\"https://www.youtube.com/embed/6l4zwEJaJXw?si=LWuEAalgmxJ25ufT\" title=\"YouTube video player\" frameborder=\"0\" allow=\"accelerometer; autoplay; clipboard-write; encrypted-media; gyroscope; picture-in-picture; web-share\" referrerpolicy=\"strict-origin-when-cross-origin\" allowfullscreen></iframe>', 'un peu de puce ', 'Hérbivore', '20 kg / jours'),
(5, 'Pikzou', ' le Lezart', 'https://www.autourdesanimaux.com/wp-content/uploads/chlamydosaurus-kingii-1024x683.jpg', '', 'Seul membre du genre Chlamydosaurus, ce lézard est unique : quand il se sent menacé, il déploie autour de son cou sa collerette de peau colorée caractéristique. Pour dissuader les prédateurs, il peut aussi ouvrir la gueule en grand et pousser un sifflement bruyant. Ce comportement est suffisant pour effrayer nombre de ses prédateurs, dont oiseaux de proie, lézards plus gros, chats harets et serpents. Si cela ne fonctionne pas, il s’enfuit, la gueule ouverte et la collerette déployée en courant aussi vite qu’il peut jusqu’à un arbre dans lequel il peut grimper pour se mettre à l’abri. La collerette sert aussi à montrer la dominance entre mâles. Photo: rerererastana', 1, '', '', '', 'bonne santé', 'Thermites', '250gr /jours'),
(8, 'Bizou', 'le Raton laveur', 'https://lh6.googleusercontent.com/proxy/M-6z47Fd3Ikg3W0IhZ2k074IJkORRTbSxtp97j2A7UhBU_i8uLAK7XTgXgk3ZaegmKEcx1zqY6ulR0BMgIe3DqybiNsqAQXRXjLkG17EUZeKF0SynuxJp37Z8mXxhCkLeuP6LEMlxCYdpQF9CbX912G-iaWK9nSwHKDdayjt6p1F-KZq2BsKMdV7fdY=w1200-h630-p-k-no-nu', '', 'Le raton laveur, ou plus exactement le raton laveur commun (Procyon lotor Linnaeus, 1758), est une espèce de mammifères omnivores de l\'ordre des carnivores de la famille des procyonidae.\r\n\r\nOriginaire d’Amérique du Nord, cette espèce a été introduite pour la dernière fois en Europe dans les années 1930 (après la disparition un siècle plus tôt de la dernière population introduite). Il doit son nom à l’observation répétée de son habitude à tremper ses aliments dans l\'eau avant de les manger. Le raton laveur peut ainsi déterminer s\'ils sont comestibles.\r\n\r\nL’animal est essentiellement nocturne et grimpe facilement aux arbres grâce à ses doigts agiles et à ses griffes acérées. Il a le pelage poivre et sel avec de légères teintes de roux. On le reconnaît facilement à son masque noir bordé de blanc autour des yeux et à sa queue alternant anneaux clairs et noirs.\r\n\r\nLe raton laveur s’adapte à de nombreux milieux naturels. Opportuniste et facile à apprivoiser, il s’aventure également dans les villes nord-américaines (Canada, États-Unis). Son comportement varie selon le sexe et la région où il vit. Il est toujours chassé pour sa fourrure.\r\n\r\nDescription\r\nLe raton laveur adulte mesure 80 cm en moyenne1, généralement entre 60 cm et 105 cm selon les individus, queue comprise2. Les mâles sont plus grands et plus lourds que les femelles.\r\n\r\nLe poids du raton laveur est compris entre 3,9 et 9 kg en moyenne3. Les individus les plus gros vivent dans les régions septentrionales (8,5 kg en moyenne au Canada4) ; record jusqu’à 28 kg4,5,6,7. Le poids fluctue selon la saison, atteignant un maximum à l’automne : sa masse peut alors augmenter de 50 % dans les régions situées au nord8.\r\n\r\nLa fourrure du raton laveur est généralement gris-brun, tirant plus ou moins vers le gris ou le brun. Le visage blanc porte de larges taches noires autour des yeux en forme de masque et une bande noire sur le nez. Quelques individus sont blancs, mais l’albinisme est très rare9. La mue débute au printemps et peut s’étaler sur trois mois. Le pelage estival du raton laveur est court.', 3, '', '', '', 'en isolement', 'Herbivores Carnivores', '2 kg/ jours'),
(7, 'snako', ' le Serpent crotal', 'https://th.bing.com/th/id/OIP.mgT2n4cwJQIlgiikT3sYoQHaFj?rs=1&pid=ImgDetMain', '', 'L\'un des animaux les plus redoutés de tous est le serpent à sonnette. Connu sous son nom scientifique, Crotalus, C\'est l\'un des animaux les plus venimeux au monde.. Originaire du continent américain, plus précisément du Canada au nord de l\'Argentine.\r\n\r\nhay 29 espèces différentes de crotales, tous caractérisés par cette cornée qu\'il a au bout de sa queue, en forme de serpent à sonnette. Cela secoue et sonne lorsque l\'animal se sent en danger ou sur le point d\'attaquer.\r\n\r\n\r\nCaractéristiques du crotale\r\nConnu comme le serpent le plus long et le plus venimeux d\'Amérique du Nord, le crotale Il peut mesurer jusqu\'à 2,5 mètres de long et peser près de 5 kilos.\r\n\r\nEn général, il a une corpulence mince et compacte, avec une tête plate et où l\'on distingue le cou. Son corps est plein d\'écailles disposées en 21 à 29 rangées et sa couleur va du jaune au vert, rouge, marron ou noir. Il a également des taches rhomboïdes sur les côtés de son corps, ainsi que sur son dos.\r\n\r\nLa langue de ce serpent à sonnette est fourchue en forme de Y., qu\'il utilise également pour sentir son environnement. Leurs yeux sont capables de voir à 12 mètres de distance, de jour comme de nuit.\r\n\r\nQuelque chose que peu savent sur le serpent à sonnette, c\'est qu\'il respire par ses poumons, en particulier le bon, qui est celui qu\'il a développé.\r\n\r\nLe plus caractéristique de cet animal est sa hochet, formé par une cornée qui émet des sons. On pense que ces anneaux qui forment le hochet peuvent déterminer l\'âge, mais la vérité est que ce n\'est pas le cas car les serpents perdent leur peau plusieurs fois par an, en plus du fait qu\'ils peuvent perdre une partie ou la totalité du hochet.\r\n\r\nD\'autre part, à côté de leurs crocs, ils abritent l\'un des poisons les plus dangereux au monde. Celui-ci, composé de toxines, de peptides et d\'enzymes, est capable de provoquer la mort d\'un être humain car il détruit les globules rouges et affecte la circulation sanguine et les vaisseaux sanguins. Heureusement, il existe un antidote qui arrête le poison.\r\n\r\nC\'est un animal très agressif et dangereux, ainsi que traître, car il peut rester calme et attaquer en quelques secondes.', 1, '', '', '', 'bonne santé', 'petit animaux', '1kg /5jours'),
(9, 'Shika', 'le Chimpanze', 'https://cdn.futura-sciences.com/sources/images/dossier/1867/02-1867.jpg', '', 'HABITAT & RÉPARTITION\r\nForêts tropicales de l\'Ouest et du Centre de l\'Afrique.\r\n\r\nPOIDS & TAILLE\r\n1,30 à 1,60 m de haut pour un poids de 30 à 60 kg.\r\n\r\nREPRODUCTION\r\nAprès une gestation de 8 mois, la femelle met bas un petit qu\'elle va éduquer pendant 4 à 5 ans.\r\n\r\nLONGÉVITÉ\r\n45 ans.\r\n\r\nRÉGIME ALIMENTAIRE\r\nOmnivore : plantes, fruits, insectes et petit gibier.\r\n\r\nSTATUT SAUVEGARDE\r\nStatut de sauvegarde à l\'état sauvage : En Danger\r\n\r\nBonobo mis à part, on distingue quatre sous-espèces de chimpanzé (Pan troglodytes) : le chimpanzé de l\'Est, le chimpanzé d\'Afrique Centrale, le chimpanzé du Nigéria et du Cameroun et le chimpanzé de l\'Ouest. Toutes sous-espèces confondues, il ne resterait que 200 à 300.000 chimpanzés à l\'état sauvage et leur population est en déclin constant.', 2, '', '', '', 'un peu souffrant', 'herbivore', '8kg/jours'),
(10, 'Bison', 'le Python', 'https://justfunfacts.com/wp-content/uploads/2017/05/reticulated-python.jpg', '', 'Description physique\r\nLe python fait partie de la famille des pythonidae. On distingue les pythons de petite taille qui ne mesurent qu\'un mètre de long environ et pèsent moins de 500 g, et les très longs pythons comme le python réticulé qui peut atteindre jusqu\'à 10 mètres pour plus de 100 kg. Son corps est gros et couvert d\'écailles qui prennent différentes couleurs selon les cas (jaune, noir, beige, vert, etc.), souvent décoré de divers motifs.\r\n\r\nSon lieu de vie\r\nLe python vit dans les régions chaudes de l’Afrique, de l’Inde, du sud-est asiatique et d’Australie. Selon son espèce, on le retrouve dans les savanes ou dans les forêts tropicales où il habite les arbres, les rochers ou les marécages.\r\n\r\nSon alimentation\r\nIl chasse surtout la nuit et se nourrit de petits animaux vivants (oiseaux, chauves-souris, rats, opossums, etc.). Certains pythons de grande taille peuvent s\'attaquer à des petits cochons, des singes, des moutons ou des chèvres.\r\n\r\nSa reproduction\r\nLes pythons sont ovipares. Une fois par an, la femelle pond un nombre d’œufs pouvant aller jusqu\'à 80. Elle les dépose dans un trou, un terrier ou un nid de feuille qu\'elle a pris soin d\'aménager au préalable, puis elle les couve pendant environ 1 à 8 semaines jusqu\'à leur éclosion. Les bébés pythons percent eux-mêmes leur coquille pour en sortir et sont indépendants dès leur naissance.\r\n\r\nSon espérance de vie\r\nLa vie d\'un python a une durée de 30 ans en captivité et 15 ans au plus dans la nature.\r\n\r\nLe cri du python\r\nIl peut arriver que le python siffle quand il est effrayé, notamment le python royal.\r\n\r\nSignes particuliers\r\nLe python n\'est pas venimeux, il tue ses proies en s\'enroulant autour d\'elles et en les serrant jusqu\'à ce qu\'elles meurent par hémorragie cérébrale. Puis il les avale en entier, la tête la première.', 1, '', '', '', 'bonne santé', 'carnivore', '15kg/jours'),
(11, 'Pipa', 'le Peroquet', 'https://th.bing.com/th/id/R.5abd5fa7ba1153df82a83315aeeff027?rik=QLRUtD%2bKSjwARA&riu=http%3a%2f%2fwww.waouo.com%2fwp-content%2fuploads%2f2012%2f03%2fperroquetmulticolore.jpg&ehk=yLzjGFBGaHnvRikr4vESLObS1TeLSNC%2fbTotgySUBe8%3d&risl=&pid=ImgRaw&r=0', '', 'Description physique\r\nLe perroquet est certainement le plus connu des oiseaux. Avec son gros bec recourbé vers l\'intérieur et ses couleurs vives, il est facilement reconnaissable. Selon les espèces, sa taille varie entre 18 et 90 cm et son poids entre 85 g et 4 kg.\r\n\r\nSon lieu de vie\r\nOn retrouve les perroquets sur tous les cinq continents, principalement dans les forêts mais aussi en savane. Depuis des siècles, ils font office d\'animaux de compagnie et on les rencontre très souvent en cage ou sur un perchoir.\r\n\r\nSon alimentation\r\nLe régime alimentaire des perroquets varie en fonction des espèces. Selon les cas, ils se nourrissent soit de fruits, de graines, de noix et de bourgeons, soit du nectar des fleurs, soit d\'herbes.\r\n\r\nSa reproduction\r\nDans des nids perchés sur des arbres, des falaises ou à même le sol, les femelles pondent 2 à 5 œufs qu\'elles couvent seules ou en alternance avec le mâle. Au bout de 17 à 30 jours, les œufs éclosent et la femelle reste au nid une ou deux semaines jusqu’à ce que les premières plumes apparaissent afin de permettre aux poussins de ne pas souffrir du froid. Quelques semaines après, ceux-ci prendront leur envol.\r\n\r\nSon espérance de vie\r\nLe perroquet peut vivre jusqu\'à 60 ans, voire 100 ans pour les plus robustes.\r\n\r\nLe cri du perroquet\r\nLes perroquets émettent plusieurs sons appelés vocalises pour exprimer leurs émotions ou pour réclamer de l\'attention.\r\n\r\nSignes particuliers\r\nLes perroquets se sont rendus célèbres par leur capacité plus ou moins développée à imiter les sons et plus particulièrement la voix humaine. S\'ils sont bien entraînés, ils peuvent ainsi posséder un vocabulaire de plusieurs centaines de mots. Certains perroquets sont même capables de comprendre les mots qu\'ils prononcent et les agencer intelligemment, de reconnaître les formes et les couleurs, etc.', 2, '', '', '', '', '', ''),
(12, 'KingKong', 'le Gorille', 'https://th.bing.com/th/id/R.1734012a47acbfc3206690875ba732b1?rik=sjh%2bkrqwR6jx4A&pid=ImgRaw&r=0', '', 'Description physique\r\nLes gorilles sont de grands singes appartenant, tout comme les êtres humains, à la famille des Hominidés. Ils mesurent en moyenne 1,70 m, pour un poids variant entre 90 et 150 kg chez la femelle, tandis que le mâle peut peser jusqu’à 275 kg. Leur pelage est noir dans l’ensemble, même si chez les sujets plus âgés on peut noter une fourrure grise sur le dos. Le visage, les oreilles et le torse sont dépourvus de poils. Leurs bras sont plus longs que leurs jambes et ils se déplacent à quatre pattes en s’appuyant sur la partie extérieure de leurs mains.\r\n\r\nSon lieu de vie\r\nÀ l’état naturel, les gorilles habitent les forêts tropicales d’Afrique. Certains vivent dans les montagnes, tandis que d’autres trouvent refuge dans les plaines. Ils sont très peu répandus et sont actuellement menacés de disparition. Il reste seulement entre 50 000 et 90 000 individus répartis principalement entre l’Afrique centrale (Cameroun, République Centrafricaine, Congo Brazzaville, Gabon, Guinée équatoriale) et orientale (République Démocratique du Congo, Rwanda et Ouganda).\r\n\r\nLes gorilles vivent en groupe de 15 individus en moyenne, avec à leur tête un mâle adulte. Contrairement aux autres singes, ils vivent plus à terre que dans les arbres. Il leur arrive toutefois de grimper aux arbres, à la recherche de nourriture. Cette recherche constitue d’ailleurs leur principale activité. Pour ce faire, ils parcourent chaque jour des centaines de kilomètres et se reposent une fois la nuit tombée dans un lit de feuilles rapidement constitué pour la circonstance.\r\n\r\nSon alimentation\r\nLes gorilles sont végétariens et se nourrissent de végétaux (fruits, feuilles, tiges) et d’insectes (termites, fourmis). Ils ne boivent pas d’eau, se contentant de l’eau contenue dans leur nourriture pour combler leurs besoins.\r\n\r\nSa reproduction\r\nLa maturité sexuelle du gorille femelle est atteinte à 10 ans. La gestation dure 8 à 9 mois. Le petit pèse à peine 2 kg à la naissance et est allaité pendant 18 mois. Pendant ses 5 premiers mois de vie, il est incapable de marcher et se déplace en s’accrochant à la fourrure de sa mère. Ce n’est que vers l’âge de 3 ou 4 ans qu’il va gagner en indépendance et la femelle sera à nouveau capable de se reproduire.\r\n\r\nSon espérance de vie\r\nEn milieu naturel, le gorille peut vivre jusqu’à 30 ans, tandis qu’en captivité il peut atteindre les 50 ans.\r\n\r\nLe cri du gorille\r\nLes gorilles émettent plusieurs types de cris et grognements qu’ils utilisent pour communiquer entre membres du même groupe, ou pour intimider les étrangers.\r\n\r\nSignes particuliers\r\nSur le plan de la génétique, les gorilles sont les êtres vivants qui se rapprochent le plus de l’Homme. En effet, leur ADN est semblable à près de 99% à celui de ce dernier.\r\n\r\nBien que leur habitat naturel soit souvent traversé par de l’eau, les gorilles n’aiment pas se mouiller. Lorsque leur chemin croise un cours d’eau, ils préfèrent le contourner ou s\'aider d\'une branche d’arbre pour le traverser.', 2, '', '', '', 'bonne santé', 'fruit', '20kg/jours'),
(13, 'Lento', 'Le Paresseux', 'https://th.bing.com/th/id/R.155458805e83805cae06bc8f3cd8c82f?rik=g1tup98XGDNUjw&riu=http%3a%2f%2fespeces-animales-mondiales.e-monsite.com%2fmedias%2fimages%2fdefaut.jpg&ehk=6zJgwWGeUs1k9PmCi%2bpjjMsQsyo8IgcYL%2fS7a1rbxmc%3d&risl=&pid=ImgRaw&r=0&sres=1&sresct=1', '', 'Description physique\r\nLe paresseux est un mammifère au pelage long et rêche, de couleur brune/grise ou beige, à tendance verdâtre. Il mesure entre 45 et 75 cm, pour un poids d\'environ 4 kilos.\r\nSes bras et ses jambes sont terminées par trois doigts munis de grosses griffes (certaines espèces n\'ont que deux doigts). Ses 9 vertèbres cervicales lui permettent de tourner la tête à 270 degrés. Sa tête est ronde, son nez retroussé et ses oreilles peu développées. Il possède également une queue très courte.\r\n\r\nSon lieu de vie\r\nLes paresseux vivent dans les forêts d\'Amérique tropicale : on en trouve notamment au Costa Rica et au Panama, mais aussi en Guyane, en Argentine, au Brésil et en Bolivie.\r\n\r\nSon alimentation\r\nLe paresseux se nourrit essentiellement de feuilles qu\'il trouve dans les arbres où il passe le plus clair de sa vie. Ses 18 dents lui permettent de les mastiquer sans problème. Il a une préférence pour les feuilles des arbres de type Cecropia. Parfois, il peut déguster quelques fruits ou des bourgeons.\r\n\r\nSa reproduction\r\nSolitaire, le paresseux ne s\'accouple que tous les deux ans. Après 6 mois de gestation, la femelle donne naissance à un petit paresseux, qu\'elle élève seule. Ce dernier prendra son indépendance vers l\'âge de 8 à 12 mois.\r\n\r\nSon espérance de vie\r\nLe paresseux vit entre 30 et 50 ans dans la nature (mais atteint rarement les 30 ans en captivité). Cet animal connaît trois principaux prédateurs : le jaguar, l\'ocelot et l\'aigle harpie. Mais une autre espèce le menace : l\'Homme, qui en détruisant les forêts, sabote l\'habitat du paresseux.\r\n\r\nLe cri du paresseux\r\nPendant la saison des amours, la femelle paresseux pousse des cris stridents, équivalents à \"aïe aïe\". Les mâles, eux, sont réputés très silencieux. Toutefois, mâles et femelles peuvent émettre des sifflements aigus pour communiquer ou défendre leur territoire. Le jeune paresseux, notamment, est capable de faire entendre un sifflement très pur en guise d\'appel au secours.\r\n\r\nSignes particuliers\r\nLe paresseux, dont la lenteur lui a donné son nom, passe son temps suspendu à l\'envers dans les arbres. Il ne descend de sa branche qu\'une fois par semaine pour faire ses besoins. Sa lenteur est une technique de camouflage : cela lui permet de ne pas se faire repérer par ses prédateurs. Contre toute attente, le paresseux est un très bon nageur.', 2, '', '', '', '', '', ''),
(14, 'Silla', 'l\'Iguana', 'https://animals.net/wp-content/uploads/2018/10/Iguana-3.jpg', '', 'Description physique\r\nL\'iguane est un reptile de la famille des iguanidae. Sa peau est recouverte d\'écailles et sa coloration, en fonction de sa région d\'origine, peut prendre diverses couleurs : orange, ocre, gris, noir, vert, bleu, etc. Cette couleur peut être également modifiée selon ses émotions, son état de santé ou à la saison de reproduction.\r\n\r\nA l\'âge adulte, l\'iguane mâle peut mesurer jusqu\'à 2 mètres et peser jusqu\'à 5 kg, tandis que la femelle est plus petite et peut faire au plus 1m30. Sa queue représente une part importante de la longueur totale du corps. Elle est très fragile, surtout chez les plus jeunes. Si elle se coupe, elle repousse mais n\'atteindra plus sa taille d\'origine.\r\n\r\nSes mâchoires sont pourvues de nombreuses petites dents qui repoussent lorsqu\'elles se cassent. Sa langue rose et charnue peut être bifide, c\'est-à-dire posséder deux extrémités au bout.\r\n\r\nSon lieu de vie\r\nOn retrouve les iguanes en Amérique et en Océanie. Selon leur espèce, ils vivent dans les arbres, sur terre ou dans l\'eau.\r\n\r\nSon alimentation\r\nLes iguanes sont végétariens et se nourrissent principalement de légumes, de feuilles, de fruits et d’autres parties de plantes. Mais il arrive qu\'ils se nourrissent également de mouches et d\'insectes volants lorsqu\'ils sont plus jeunes.\r\nLes iguanes marins se nourrissent presque exclusivement d\'algues marines.\r\n\r\nSa reproduction\r\nComme tous les reptiles, les iguanes sont ovipares. La femelle pond entre 10 et 80 œufs et 2 à 3 mois plus tard des petits iguanes en sortent.\r\n\r\nSon espérance de vie\r\nLes iguanes peuvent vivre jusqu\'à 30 ans.\r\n\r\nSignes particuliers\r\nL\'iguane possède un troisième œil appelé œil pinéal, sur la tête, au niveau du dos. Cet œil ne voit pas réellement mais donne à l\'iguane la possibilité d\'être informé d\'éventuelles attaques de prédateurs ainsi que de l\'intensité des rayons lumineux. Cet œil est très fragile et il ne faut pas y toucher.\r\n\r\nStatut de préservation\r\nTandis que l\'iguane vert est très courant et même considéré comme invasif, l\'iguane antillais, plus petit, est en danger d\'extinction.', 2, '', '', '', '', '', ''),
(15, 'Micky', 'la Migale', 'https://i.pinimg.com/originals/f9/cf/21/f9cf21ca978d4fb8203d1fbdcdc62513.jpg', '', 'Description physique\r\nLes mygales sont des araignées formant le sous-ordre des Mygalomorphae, caractérisées par une importante pilosité. Elles se présentent sous des tailles et des formes variées, en fonction des espèces. Leur taille est généralement comprise entre 7 cm et 25 cm de long, pattes comprises. On retrouve des mygales de couleur bleue, grise, rose, noire, etc. et une même mygale peut changer plusieurs fois de couleur car au cours de sa croissance elle effectue plusieurs mues.\r\n\r\nSon lieu de vie\r\nOn trouve les mygales principalement dans les forêts tropicales d\'Afrique, d\'Amérique, d\'Asie, d\'Australie et d\'Europe.\r\n\r\nSon alimentation\r\nLe menu des mygales comprend oisillons, reptiles, insectes et petits rongeurs qu\'elles liquéfient au préalable pour les absorber aisément.\r\n\r\nSa reproduction\r\nLa gestation dure de 3 à 5 semaines. La mère protège ses œufs dans un cocon qu’elle fabrique et déplace entre ses pattes. A leur naissance, les petites mygales qui font à peine un centimètre, restent près du nid pendant 2 à 3 semaines avant de se disperser.\r\n\r\nSon espérance de vie\r\nAlors qu’une femelle a une espérance de vie de 20 ans, le mâle dépasse très rarement les 5 ans.\r\n\r\nLe cri de la mygale\r\nCertaines espèces de mygale émettent un cri appelé stridulation, notamment lorsqu\'elle se sentent en danger. Le mâle stridule également à la saison de la reproduction, et la femelle choisira en général le mâle dont le chant est le plus puissant.\r\n\r\nSignes particuliers\r\nLa morsure des mygales est réputée être dangereuse, voire mortelle pour les humains. S\'il est vrai qu\'elle est douloureuse, elle n\'est pas dangereuse pour l\'homme. Cependant, le venin est puissant et peut s\'attaquer au système nerveux périphérique, engendrant douleurs, œdèmes, nausées...', 2, '', '', '', '', '', ''),
(16, 'Donald', 'le Castor', 'https://th.bing.com/th/id/R.7dd96edad9d9fd591fffbd0201248a9c?rik=3aO7zKZsqMhgng&pid=ImgRaw&r=0', '', 'Description physique\r\nDe la famille des Castoridés, le castor est trapu et assez gras. On en distingue deux espèces aujourd’hui, qui ne présentent pas de différences majeures : le castor européen et le castor canadien.\r\n\r\nCet animal peut mesurer 1,35 m et son poids est compris entre 13 et 35 kg. Comme c’est le cas chez tous les rongeurs, sa denture est caractérisée par la présence d’une seule paire d’incisives très développée et l’absence de canines. Ses dents dont la couleur tire à l’orange sont dures et très solides. Ses pattes avant sont munies de griffes qui jouent également le rôle de mains tandis que celles de derrière sont palmées, lui permettant ainsi de nager. Sa large queue aplatie est également abondamment recouverte d\'écailles.\r\n\r\nLe castor possède des moustaches courtes et des vibrisses sur ses sourcils. Pour empêcher que l\'eau ne pénètre lorsqu\'il est en plongée, les narines et les oreilles sont bouchées par des clapets en forme de soupape et ses lèvres peuvent se fermer derrière ses incisives. La couleur de sa fourrure épaisse et imperméable est d\'un blond à reflets roux ou foncés.\r\n\r\nSon lieu de vie\r\nLe castor habite dans les cours d’eau, les lacs et les étangs. Avec un savoir-faire extraordinaire, il se construit une hutte sous l’eau, dans laquelle il vit en petits groupes familiaux.\r\n\r\nSon alimentation\r\nLe castor est herbivore et son régime alimentaire se compose d’écorces, de tiges, de bourgeons, de plantes aquatiques, de feuilles d’arbres et d’arbustes.\r\n\r\nSa reproduction\r\nLa copulation a lieu chaque année, généralement en hiver, au mois de janvier ou février, et les naissances au mois de juin. Tout commence par des jeux nuptiaux dans l’eau. La gestation dure de 103 à 108 jours, après quoi la femelle donne naissance à deux à quatre petits. Le mâle et la femelle forment un couple et demeurent toute leur vie ensemble.\r\n\r\nSon espérance de vie\r\nDans son habitat naturel, le castor européen a une durée de vie de 7 à 8 ans, tandis que le castor du Canada vit en moyenne 10 à 20 ans.\r\n\r\nLe cri du castor\r\nLe castor émet des sifflements, des grognements et cris aigus.\r\n\r\nSignes particuliers\r\nSon poids fait du castor le deuxième plus grand rongeur au monde. Il est également célèbre pour les huttes et les barrages qu’il construit avec des branches de bois.', 3, '', '', '', '', '', ''),
(17, 'Rosette', 'le Flamant Rose', 'https://cultea.fr/wp-content/uploads/2021/08/Flamant-Rose.jpg', '', 'Description physique\r\nLe flamant rose est un grand oiseau aquatique de la famille des Phœnicoptéridés dont le poids varie de 2,5 à 3,5 kg. Il présente un corps entièrement rose clair, de longues pattes roses palmées, un long cou et un long bec recourbé, à pointe noire. Il doit sa couleur aux pigments caroténoïdes contenus dans les algues et les crustacés qu’il consomme. Quand les ailes de celui-ci sont dépliées, elles mesurent 1,30 à 1,50 m. Les fines pattes du flamant rose sont palmées, son bec est épais et la pointe de ses ailes est noire.\r\n\r\nSon lieu de vie\r\nLe flamant rose vit dans les zones côtières d’Afrique, d’Asie et d’Europe. Il occupe essentiellement les lagunes, mais aussi les étangs ou les plans d\'eau. Il est sociable et vit généralement en grandes colonies composées de centaines ou de milliers d’individus.\r\n\r\nSon alimentation\r\nLe flamant rose se nourrit de mollusques, de crustacés filtrés de l’eau grâce à son long bec recourbé, d\'insectes (adultes et larves), de vers, de poissons, d\'algues, etc. Il peut également consommer des graines telles que le riz et certaines plantes aquatiques.\r\n\r\nSa reproduction\r\nLes flamants roses atteignent la maturité sexuelle vers l’âge de 3 ou 4 ans. La période d’avril et mai est le moment où les couples se forment en vue de l’accouplement. Avant celui-ci, mâles comme femelles se livrent à une sorte de parade nuptiale qui dure plusieurs jours. Dès que l’accouplement a eu lieu, les deux parents construisent le nid à l’aide de boue, d’argile ou de sable, puis couvent l’œuf à tour de rôle pendant 28 à 30 jours. La femelle pond un seul œuf, très rarement deux. Les petits qui naissent sont blancs, puis deviendront gris. La teinte rose apparaît seulement vers l’âge de 3 ans.\r\n\r\nSon espérance de vie\r\nA l\'état sauvage, l’espérance de vie moyenne des flamants roses est de 30 ans.\r\n\r\nLe cri du flamant rose\r\nLe cri du flamant rose ressemble à celui de l\'oie.\r\n\r\nSignes particuliers\r\nLe flamant rose est capable de dormir debout, en se tenant sur une ou deux pattes, la tête enfouie sous une aile.\r\nIl a un genou qui fonctionne comme celui de l\'humain et c\'est pourquoi il peut s\'asseoir. Cependant, son genou n’est pas situé où l\'on croit ! En effet, il se trouve très haut sur sa jambe, à tel point qu’il est caché par les plumes. L’articulation qui est visible est en réalité une cheville.', 3, '', '', '', 'bonne santé', 'thermites insectes', '400gr/jours'),
(18, 'Pekos', 'la Grenouille', 'https://img.fotocommunity.com/grenouille-0542910f-a47e-4cac-97c2-f03b168b679f.jpg?height=1080', '', 'Description physique\r\nLa grenouille est un amphibien de l\'ordre des anoures. Elle mesure en général 2 à 10 cm, hormis la grenouille Goliath qui est la plus grande et qui peut atteindre 30 cm de long. Sa peau lisse et humide peut être de diverses couleurs, selon les espèces. Ses pattes arrières sont plus longues que celles de devant, ce qui lui permet de faire des bonds avant jusqu\'à 2 mètres.\r\n\r\nSon lieu de vie\r\nLa grenouille vit à la fois sur terre et dans l\'eau. On la retrouve sur tous les cinq continents, dans tout milieu suffisamment humide (bois, marais, prairies, etc).\r\n\r\nSon alimentation\r\nA l\'état de têtard, la grenouille est herbivore et se nourrit de minuscules plantes aquatiques. A l\'âge adulte, elle est carnivore et se nourrit de petits invertébrés comme les libellules, les papillons, les mouches, les vers, etc. Elle les attrape à distance grâce à sa longue langue visqueuse et collante.\r\n\r\nSa reproduction\r\nLes femelles pondent dans l\'eau des centaines, ou des milliers d\'œufs mous et sans coquille, qui se transformeront ensuite en têtards. Ceux-ci possèdent une petite queue qui leur permet de nager, mais elle disparaîtra au fur et à mesure que les quatre pattes vont pousser. La grenouille adulte sera complètement formée 3 à 4 mois environ après la ponte.\r\n\r\nSon espérance de vie\r\nUne grenouille vit en moyenne 5 ans, mais certaines espèces sont plus robustes et peuvent vivre une quinzaine d\'années.\r\n\r\nLe cri de la grenouille\r\nLa grenouille coasse, jour et nuit, notamment pendant la période de reproduction. C\'est un moyen pour les mâles d\'attirer les femelles vers eux. D\'ailleurs, ces dernières préfèrent les mâles ayant un chant grave à la cadence rapide.\r\n\r\nSignes particuliers\r\nEn fonction des espèces, les grenouilles sont élevées à des fins diverses :\r\n- pour la chair de leurs cuisses, très appréciées en cuisine, dans certains pays comme la France et la Chine.\r\n- pour l\'expérimentation dans les laboratoires car leurs systèmes nerveux, digestif, musculaire et osseux sont comparables à ceux de l’homme.\r\n- pour le plaisir, elles font en effet partie des nouveaux animaux de compagnie.', 3, '', '', '', 'bonne santé', 'thermites', '25gr/jours'),
(19, 'Hippo', 'L\'Hippopotames', 'https://th.bing.com/th/id/R.90f355fd3cd4de3ec085d963862340e3?rik=s4TlJCp%2bVhhSfg&riu=http%3a%2f%2fwww.thelightmag.com%2fwp-content%2fuploads%2f2020%2f06%2fhippo-featured.jpg&ehk=lrAoHavXDuqjjrPiobur%2bKnQqGJkaHn2VKBpu1b%2fGJg%3d&risl=&pid=ImgRaw&r=0', '', 'Description physique\r\nL’hippopotame est un grand animal dont la forme ressemble fortement à une barrique. Il peut mesurer jusqu’à 4,50 m et pèse entre 16OO et 3200 kg. Il a une grosse tête où les yeux, les oreilles et les narines sont placés au sommet du crâne. Sa peau possède un derme épais recouvert d’un épiderme dont la couche superficielle est particulièrement lisse.\r\n\r\nSon lieu de vie\r\nL’hippopotame passe la plupart de son temps dans l’eau. Mais il peut se promener aussi sur terre. Il a donc une vie semi-aquatique lui permettant d’éviter la déshydratation. On trouve cet énorme animal exclusivement en Afrique subsaharienne, notamment en Afrique de l’Est (Tanzanie, Zambie et Mozambique). Les hippopotames vivent en groupes sur un territoire, une portion de lac ou de rivière.\r\n\r\nSon alimentation\r\nC’est un animal herbivore. L’hippopotame mange des herbes fraîches et différentes espèces de verdures, mais il ne se nourrit qu’après le coucher du soleil. Pendant la saison sèche, un hippopotame est capable de ne rien manger pendant un long moment. Contrairement à ce que pourrait faire penser son poids, il se nourrit peu.\r\n\r\nSa reproduction\r\nLes accouplements ont lieu pendant la saison sèche quand la concentration de la population est la plus importante et favorise la recherche d’un ou d’une partenaire. Les hippopotames ne se reproduisent qu’après l’âge de 6 à 13 ans pour les mâles et 7 à 15 ans pour les femelles. Les petits hippopotameaux naissent toujours à la saison des pluies.\r\n\r\nSon espérance de vie\r\nLes hippopotames sont des grands mammifères sédentaires qui ont une durée de vie allant de 30 à 40 ans.\r\n\r\nSon cri\r\nComme l’être humain, l’hippopotame émet de la voix pour exprimer ses sentiments. Les cris de l’hippopotame sont le mugissement et le beuglement.\r\n\r\nSignes particuliers\r\nL’hippopotame s’adapte à deux milieux de vie : dans l’eau et sur la terre.\r\nIl a une peau très particulière : en effet, des glandes sous-cutanées produisent un mucus de couleur rougeâtre qui, en séchant, se transforme en une couche laquée à la surface. C’est un moyen pour l’animal de se protéger des rayons ultraviolets.\r\nLes hippopotames possèdent des longues canines qui servent à arracher la nourriture.', 3, '', '', '', 'bonne santé', 'herbivore', '35kg/jours'),
(20, 'Lotus', 'la Loutre', 'https://pre00.deviantart.net/bc08/th/pre/f/2009/116/d/1/mink_by_vertor.jpg', '', 'Quasi menacé\r\nDescription physique\r\nLa loutre désigne une sous-famille de mammifères carnivores nocturnes appartenant à la famille des Mustelidés. Il existe plusieurs espèces de loutres. La loutre d’Europe ou loutre commune est certainement l’espèce la plus connue. C’est d’ailleurs la seule espèce que l’on trouve en France.\r\n\r\nLa loutre se caractérise par son corps allongé et fuselé, ses pattes palmées et sa longue queue. Elle mesure entre 40 et 85cm. Sa hauteur au garrot n’excède pas les 30 cm. La loutre possède des oreilles courtes de 2 à 3cm de longueur ainsi qu’un museau obtus qui se termine par des vibrisses blanches de 20 cm.\r\n\r\nLe pelage de la loutre est de couleur brun foncé. On note la présence de taches blanches sur la gorge et le menton. La fourrure est composée de poils courts et longs qui s’emboîtent. La loutre pèse entre 5 à 15 kg.\r\n\r\nSon lieu de vie\r\nLa loutre vit dans toutes sortes de milieux aquatiques : eau douce (rivière, marécage, lac, canal, etc.), eau de mer (côtes marines, estuaires) et eaux saumâtres (lagunes).\r\nElle vit dans un terrier appelé catiche qu’elle fait elle-même. Celui-ci peut avoir une entrée immergée dans l’eau et une cheminée d’aération. La catiche peut se trouver entre les racines d’un arbre, sur les berges des cours d’eau ou dans une cavité rocheuse.\r\nLa loutre se trouve surtout en Europe occidentale, en Afrique du Nord et en Asie.\r\n\r\nSon alimentation\r\nLa loutre est un mammifère carnivore qui se nourrit essentiellement de poissons. On dit aussi qu’elle est piscivore. Sa nourriture se compose essentiellement de poissons, mais aussi de petits rongeurs, d’amphibiens, de gros insectes et d’écrevisses. Elle peut également avoir un comportement opportuniste en mangeant des fruits ou des oiseaux quand la nourriture vient à manquer.\r\n\r\nSa reproduction\r\nLa femelle de la loutre atteint la maturité sexuelle à partir de 2 ou 3 ans. L’accouplement a souvent lieu dans l’eau et dure pendant une demi-heure. La période de reproduction a lieu toute l’année. La durée de la gestation, elle, est de 60 jours au bout de laquelle la femelle va mettre bas 2 à 4 loutrons. Ceux-ci naissent les yeux fermés. Ils vont téter pendant 3 mois.\r\n\r\nSon espérance de vie\r\nLa loutre peut vivre jusqu’à 20 ans en captivité, mais dans la nature, son espérance de vie est en moyenne de 5 ans, et au maximum de 10 ans.\r\n\r\nSon cri\r\nLe cri de la loutre se traduit par des petits cris aigus ou des sifflements.\r\n\r\nSignes particuliers\r\nLa loutre est un animal solitaire. Elle chasse souvent seule. C’est une très bonne nageuse grâce à ses pattes palmées.\r\nLa loutre est une espèce menacée. Elle fait l’objet de nombreux programmes de protection et de sauvegarde en France et ailleurs.', 3, '', '', '', 'bonne  santé', 'herbivore', '1kg/jours'),
(21, 'Crocky', 'le Croccodile', 'https://a-z-animals.com/media/2021/07/Heaviest-Animals_-Saltwater-Crocodile.jpg', '', 'Description physique\r\nLe crocodile est un reptile qui possède une grande gueule et de puissantes mâchoires. C’est un redoutable animal qui peut atteindre plus de 7 mètres de longueur. Son corps est moins court que sa queue. Chacune de ses 4 pattes comporte 4 doigts, et ceux de ses pattes arrière sont réunis par une membrane facilitant la nage (comme ceux des canards). Son corps est recouvert d’écailles cornées sur son dos.\r\n\r\nSon lieu de vie\r\nLes crocodiles vivent dans les marais et dans les cours d’eau des différentes régions intertropicales. Ils savent bien nager. Mais ils peuvent aussi marcher sur terre et courir très vite (mais seulement à courte distance).\r\n\r\nOn trouve des crocodiles un peu partout dans le monde, selon les espèces : en Afrique subsaharienne, en Amérique centrale (Mexique, Guatemala, Floride), en Amérique du sud (Colombie, Venezuela), aux Antilles, à Cuba, en Inde, en Iran, au Pakistan, aux Philippines, en Australie du nord, en Asie du sud...\r\n\r\nSon alimentation\r\nLe crocodile est un carnivore. Il se nourrit de divers animaux tels que des poissons, des oiseaux, des serpents… Il peut s’attaquer aussi aux grands mammifères qui viennent s’abreuver au bord des rivières comme les zébus, les zèbres, les girafes… Pour tuer ses proies, il les noie puis il avale ses victimes sans les mâcher.\r\n\r\nSa reproduction\r\nLe crocodile est classé parmi les ovipares. Il doit donc pondre des œufs pour donner naissance à des petits crocodiles (appelés parfois crocodilous). La femelle pond ses œufs dans un trou qu’elle creuse dans le sable. Elle pond en moyenne 20 à 30 œufs, et parfois même jusqu\'à 90 œufs.\r\n\r\nSon espérance de vie\r\nLe crocodile peut vivre de nombreuses années, de 7O à 100 ans. Pendant sa durée de vie, il peut donner naissance à plusieurs crocodilous.\r\n\r\nSon cri\r\nLes crocodiles communiquent entre eux par des signaux sonores. Considéré à tort comme muet, le crocodile se met en contact avec ses voisins par des bruits divers.\r\n\r\nSignes particuliers\r\nLes crocodiles chassent à l\'affût et sont très rapides sur de courtes distances, même hors de l\'eau. Leur vitesse moyenne de déplacement est de 3 km/h mais elle peut atteindre 18 km/h lors d\'une attaque.\r\nIls ont des mâchoires très puissantes et des dents coupantes adaptées au découpage de la viande. Les grandes espèces de crocodiles sont d\'ailleurs très dangereuses pour les humains.\r\nLes crocodiles peuvent rester de longues périodes sans manger.', 3, '', '', '', 'bonne santé', 'carnivore', '25kg/jours');
INSERT INTO `tous_les_animaux` (`id_animal`, `nom_animal`, `race_animal`, `images_animal`, `video_animal`, `description_animal`, `id_habitat`, `moyenne_age`, `poids_moyen`, `video_galleries`, `etat_animal`, `nourriture_animal`, `quantité_nourriture`) VALUES
(22, 'Pluto', 'le Lynx', 'https://www.bioparco.it/wp-content/uploads/2014/01/Lince-_-Foto-Massimiliano-Di-Giovanni-Archivio-Bioparco-1.jpg', '', 'Description physique\r\nLe lynx est un félin de la sous-famille des félinés. Il possède certaines caractéristiques qui le distinguent facilement des autres félins, notamment ses oreilles triangulaires terminées par une touffe de poils noirs appelée pinceau, ses joues ornées de longs poils appelés favoris, sa courte queue et ses longues pattes. Sa robe peut être de couleur unie, rayée, tachetée ou à motifs en forme de fleur appelés rosettes. Dans tous les cas, les joues, le ventre, l\'intérieur des pattes, le menton et le tour des yeux sont de couleur crème.\r\nSelon son espèce, son poids varie entre 6 et 35 kg et sa longueur entre 76 et 135 cm.\r\n\r\nSon lieu de vie\r\nOn retrouve le lynx dans les forêts d\'Amérique du Nord, de l\'Europe et de l\'Asie.\r\n\r\nSon alimentation\r\nComme tous les félins, le lynx est carnivore. Il se nourrit de proies qu\'il chasse et asphyxie en les mordant au niveau de la gorge. Selon les espèces, les proies sont de différentes tailles : lapins, oiseaux, chevreuils, chamois, etc.\r\n\r\nSa reproduction\r\nLes lynx atteignent leur maturité sexuelle entre 2 et 3 ans. La saison de reproduction se situe généralement à la fin de l\'hiver, de janvier à avril. Après l\'accouplement, la femelle met bas 1 à 8 jeunes au bout de 2 mois environ. Les petits vivent avec leur mère et se séparent d\'elle quelques semaines avant la naissance de la portée suivante.\r\n\r\nSon espérance de vie\r\nLa longévité du lynx est de 14 à 30 ans en captivité et d\'une quinzaine d\'années dans la nature.\r\n\r\nLe cri du lynx\r\nLe lynx mâle hurle pendant la saison de reproduction pour attirer la femelle.\r\n\r\nSignes particuliers\r\nLe lynx est un animal extrêmement discret qui se laisse rarement observer. Il n\'attaque jamais l\'homme et ne démontre pas d\'agressivité envers celui-ci.', 2, '', '', '', 'isolamento', 'carnivore herbivore', '3kg/jours'),
(23, 'Tornade', 'L\'Aigle Royal', 'https://th.bing.com/th/id/R.518bb94e62775eed830795a050fd4b5e?rik=INijMbMZgrCLTw&riu=http%3a%2f%2fwww.lecoindesmots.com%2ffondecran15%2fachblog.com-Oiseaux---Aigles-281881.jpg&ehk=rfMNj%2bRb63PxDqpXphTI7bajG9LiAG5usQ0CHe6607k%3d&risl=&pid=ImgRaw&r=0', '', 'Description physique\r\nL\'aigle royal est un grand rapace diurne de la famille des accipitridés. Il est de couleur marron foncé avec un plumage marron clair à jaune doré sur le dessus de la tête et sur la nuque. C\'est pourquoi on l\'appelle également « l’aigle doré ».\r\n\r\nIl possède des yeux marron foncé et une vue huit fois plus perçante que celle de l\'humain. Son bec est crochu et mesure entre 4 et 6,5 cm. La pointe du bec est noire. Ses pattes sont jaunes et recouvertes de plumes jusqu\'aux doigts. Au bout des doigts, ses serres sont extrêmement puissantes et l\'avillon, la serre arrière qui lui sert à transpercer ses proies, mesure entre 6 et 7 cm.\r\n\r\nL\'aigle royal a de larges ailes. Il mesure entre 66 cm et 1 m, et son envergure (c\'est à dire sa largeur quand ses ailes sont déployées) est comprise entre 1m80 et 2m35. Il pèse entre 2,5 kg et 6,35 kg. La femelle est toujours plus grande que le mâle et les aigles élevés en captivité peuvent être plus lourds et plus grands. Il plane avec les ailes en V aplati et vole généralement à une vitesse de 45-50 km/h. Il peut aller jusqu\'à 130 km/h et même atteindre les 320 km/h en piqué.\r\n\r\n\r\n\r\nSon alimentation\r\nL\'aigle royal est carnivore et se nourrit de lapins, de marmottes, d\'écureuils et d\'oiseaux ainsi que de grands mammifères comme les renards, les chats, les chèvres, les jeunes bouquetins et les jeunes cervidés. Si les proies sont rares, il mange alors des charognes et des reptiles. Il est capable de transporter jusqu\'à 3,5 kg de nourriture en volant.\r\nL\'aigle est un grand prédateur grâce à sa vue, son agilité, sa vitesse et ses serres puissantes\r\n\r\n\r\nIls sont fidèles aussi à leur territoire et construisent jusqu\'à cinq nids, appelés « aires », qu\'ils utilisent pendant plusieurs années. Ces nids sont faits de branches, d\'herbes, d\'écorces, de feuilles mortes et de mousses pour le fond et sont construits dans un endroit inaccessible, sur une falaise ou en haut d\'un arbre. Ils mesurent jusqu\'à 2 ou 3 m de diamètre et, au fil des années et des réparations successives, ils peuvent atteindre 2 m de haut et peser jusqu’à 1 tonne. Il faut 4 à 6 semaines pour construire un nid.\r\n\r\n\r\n\r\n\r\nAu début, c\'est la mère qui chasse pour nourrir ses petits, rejointe ensuite par le mâle. L\'aiglon restera au nid pendant environ 4 mois et deviendra adulte à l\'âge de 4 à 6 ans.\r\n\r\nSon espérance de vie\r\nL\'aigle royal vit environ 25 ans en milieu naturel et jusqu\'à 45 ans en captivité.\r\n\r\n', 1, '', '', '', 'bonne santé', 'carnivore', '2kg/jours'),
(24, 'Latour', 'le Vautour', 'https://www.dici.fr/sites/dici.fr/files/styles/opengraph/public/2016/01/07/691706-vautour.jpg?itok=iK-LlDYN', '', 'Description physique\r\nLes vautours sont des oiseaux formant deux familles, les cathartidae et les accipitridae. De l\'extrémité d\'une aile à l\'autre, ils peuvent mesurer jusqu\'à 2,80 m. Ils ont un long cou, une tête dépourvue de plumes et un bec très puissant qui leur permet de découper leurs proies. Ils ont de longues ailes et certaines espèces ont de longues griffes recourbées au bout des doigts. Leur plumage peut être de couleur brun foncé ou noir, en fonction des espèces.\r\n\r\nSon lieu de vie\r\nOn retrouve les vautours dans les forêts, les prairies et les déserts d\'Afrique, d\'Amérique et d\'Europe.\r\n\r\nSon alimentation\r\nLe vautour se nourrit essentiellement de restes d\'animaux morts. Certaines espèces telles que l\'urubu à tête rouge, peuvent, à de rares occasions, consommer des végétaux.\r\n\r\nSa reproduction\r\nChez plusieurs espèces de vautour, les femelles pondent 1 à 3 œufs à même le sol, dans une falaise, dans le creux d\'un rocher ou d\'un arbre. Le vautour africain par contre construit son nid au sommet des arbres. Dans tous les cas, les œufs sont couvés par les deux parents et au bout de 30 à 60 jours (en fonction des espèces) les oisillons éclosent. Pour les nourrir, les adultes ressortent la nourriture de leur estomac. Au bout de 4 mois environ, les oisillons quittent le nid.\r\n\r\nSon espérance de vie\r\nLes vautours peuvent vivre jusqu\'à 35 ans à l\'état sauvage et 40 ans en captivité.\r\n\r\nLe cri du vautour\r\nLes vautours émettent des grognements lorsqu\'ils ont faim et des sifflements lorsqu\'ils se sentent menacés.\r\n\r\nSignes particuliers\r\nLes vautours ont une vue et un odorat très développés, leur permettant de repérer à distance les animaux morts dont ils se nourrissent.\r\n\r\nStatut de préservation\r\nLe plus connu des vautours, les vautour moine, est une espèce protégée en France. Le vautour oricou est considéré comme \"En danger\". En revanche, le vautour fauve n\'est pas menacé.', 1, '', '', '', 'bonne santé', 'carnivore', '4kg/jours');

-- --------------------------------------------------------

--
-- Struttura della tabella `useradmin`
--

DROP TABLE IF EXISTS `useradmin`;
CREATE TABLE IF NOT EXISTS `useradmin` (
  `id` int(11) NOT NULL AUTO_INCREMENT,
  `nickname` varchar(25) CHARACTER SET utf8 NOT NULL,
  `password` varchar(25) CHARACTER SET utf8 NOT NULL,
  `role` varchar(25) CHARACTER SET utf8 NOT NULL,
  PRIMARY KEY (`id`)
) ENGINE=MyISAM AUTO_INCREMENT=8 DEFAULT CHARSET=latin1;

--
-- Dump dei dati per la tabella `useradmin`
--

INSERT INTO `useradmin` (`id`, `nickname`, `password`, `role`) VALUES
(1, 'pattemoka18', '', 'veterinaire'),
(2, 'pato1981', 'kingjames', 'fermier'),
(3, 'pato1981', 'kingjames', 'fermier'),
(4, 'pato1950', 'lebronjames', 'basketteur'),
(5, 'vince88', 'vincecarter', 'basketteur'),
(6, 'vince88', 'vincecarter', 'basketteur'),
(7, 'pato1981', 'lebronjames', 'basketteur marco');

-- --------------------------------------------------------

--
-- Struttura della tabella `zoohabitats`
--

DROP TABLE IF EXISTS `zoohabitats`;
CREATE TABLE IF NOT EXISTS `zoohabitats` (
  `id_habitat` int(11) NOT NULL AUTO_INCREMENT,
  `nom_habitat` varchar(25) NOT NULL,
  `images_habitat` varchar(2000) NOT NULL,
  `description_habitat` varchar(1000) NOT NULL,
  `color` varchar(100) NOT NULL,
  PRIMARY KEY (`id_habitat`)
) ENGINE=MyISAM AUTO_INCREMENT=4 DEFAULT CHARSET=latin1;

--
-- Dump dei dati per la tabella `zoohabitats`
--

INSERT INTO `zoohabitats` (`id_habitat`, `nom_habitat`, `images_habitat`, `description_habitat`, `color`) VALUES
(1, 'Savane', 'https://th.bing.com/th/id/OIP.GZj-x-9XDBVTs_FN2nsoPQHaE9?rs=1&pid=ImgDetMain', 'animal de la savane', '#ffc032'),
(2, 'Jungle', 'https://cdn.pixabay.com/photo/2018/01/22/05/53/forest-waterfall-3098200_640.jpg', 'animaux de la jungle', 'green'),
(3, 'Marais', 'https://s3-eu-west-1.amazonaws.com/iya-news-prod.inyourarea.co.uk/2020/12/JS220029866.jpg', 'animaux de marais', 'blue');
COMMIT;

/*!40101 SET CHARACTER_SET_CLIENT=@OLD_CHARACTER_SET_CLIENT */;
/*!40101 SET CHARACTER_SET_RESULTS=@OLD_CHARACTER_SET_RESULTS */;
/*!40101 SET COLLATION_CONNECTION=@OLD_COLLATION_CONNECTION */;
